Gene, Primer_pair_#, Forward_primer_Sequence_(5'->3'), Forward_primer_Template_strand, Forward_primer_Length, Forward_primer_Start, Forward_primer_Stop, Forward_primer_Tm, Forward_primer_GC%, Forward_primer_Self_complementarity, Forward_primer_Self_3'_complementarity, Reverse_primer_Sequence_(5'->3'), Reverse_complement_reverse_primer, Reverse_primer_Template_strand, Reverse_primer_Length, Reverse_primer_Start, Reverse_primer_Stop, Reverse_primer_Tm, Reverse_primer_GC%, Reverse_primer_Self_complementarity, Reverse_primer_Self_3'_complementarity, Product_length
ACCS1_1, 1, TGGGGACATGGCATGGTTAC, Plus, 20, 778, 797, 60.03, 55, 7, 3, TTCACTGCAAGATCACCGCT, , Minus, 20, 1409, 1390, 59.96, 50, 4, 2, 632
ACCS1_1, 2, TGGCTGGAGCGATTCTTTGT, Plus, 20, 398, 417, 59.96, 50, 4, 0, AACACGTAGCAGCACCGTAA, , Minus, 20, 1147, 1128, 59.97, 50, 5, 1, 750
ACCS1_1, 3, TGGACGCAGTACCAACTGTC, Plus, 20, 953, 972, 59.97, 55, 4, 2, TATCTGGTCGCGCAACAACT, , Minus, 20, 1555, 1536, 60.04, 50, 6, 2, 603
ACCS1_1, 4, TTGCAACTCTGGCTCCGAAT, Plus, 20, 341, 360, 59.96, 50, 6, 2, GCAGCACCGTAAGTCTCTGT, , Minus, 20, 1139, 1120, 60.04, 55, 3, 1, 799
ACCS1_1, 5, GGCAGCTGACTTGCTCAAAC, Plus, 20, 447, 466, 60.04, 55, 6, 0, GGGGCAAAGAATCCCACTCA, , Minus, 20, 1180, 1161, 59.96, 55, 3, 1, 734
ACCS1_1, 6, GAACCTCGGTTGTGTTTGGC, Plus, 20, 227, 246, 59.97, 55, 6, 2, CCATGCACCATCCATTGCAG, , Minus, 20, 853, 834, 59.9, 55, 4, 2, 627
ACCS1_1, 7, GGGGGCATTGAACTGATGGA, Plus, 20, 103, 122, 60.03, 55, 3, 0, TCGTAACCATGCCATGTCCC, , Minus, 20, 799, 780, 60.11, 55, 7, 3, 697
ACCS1_1, 8, TCAAGGGGAGATGTGGTTGC, Plus, 20, 325, 344, 59.96, 55, 3, 2, GTGGAAGTGGCTTCCTGTCA, , Minus, 20, 1021, 1002, 59.89, 55, 7, 3, 697
ACCS1_1, 9, CGGAAGATGTGCCAACATGC, Plus, 20, 82, 101, 60.18, 55, 5, 3, GTAACCATGCCATGTCCCCA, , Minus, 20, 797, 778, 60.03, 55, 7, 0, 716
ACCS1_1, 10, CTGCAATGGATGGTGCATGG, Plus, 20, 834, 853, 59.9, 55, 4, 3, GCACAAGGTACTTGTCCCCA, , Minus, 20, 1580, 1561, 59.89, 55, 8, 0, 747
ASAT3_2&3, 1, TGTGGATGTAGTCTTCCCACAAG, Plus, 23, 342, 364, 59.99, 47.83, 5, 1, GTTTACCCTTCCGCAATCGAG, CTCGATTGCGGAAGGGTAAAC, Minus, 21, 943, 923, 59.34, 52.38, 4, 2, 602
MYB12, 1, AGAGGGCTCTTGGAGGTCAT, Plus, 20, 99, 118, 59.96, 55, 6, 2, GGTGCTGGCCATGCTAATTC, , Minus, 20, 860, 841, 59.61, 55, 6, 2, 762
MYB12, 2, TGGGAAGAGCACCTTGTTGT, Plus, 20, 2, 21, 59.45, 50, 3, 1, TCTCCTCCAGCCTTAGCCAT, , Minus, 20, 682, 663, 60.03, 55, 3, 2, 681
MYB12, 3, CCAAGCGATGAAAAGCTCCC, Plus, 20, 364, 383, 59.55, 55, 4, 0, AAAGCCAAGAGACAAGGGCA, , Minus, 20, 1009, 990, 59.81, 50, 3, 0, 646
MYB12, 4, GCATGCAACTTTGGGCAACA, Plus, 20, 243, 262, 60.53, 50, 6, 2, GCCAAGAGACAAGGGCACTA, , Minus, 20, 1006, 987, 59.68, 55, 4, 2, 764
MYB12, 5, TGCATGCAACTTTGGGCAAC, Plus, 20, 242, 261, 60.53, 50, 8, 2, CCATAGTGGCCAACCAGGAA, , Minus, 20, 915, 896, 59.67, 55, 6, 1, 674
MYB12, 6, GGGAAGAGCACCTTGTTGTG, Plus, 20, 3, 22, 59.05, 55, 3, 0, ATCTCCTCCAGCCTTAGCCA, , Minus, 20, 683, 664, 60.03, 55, 3, 2, 681
MYB12, 7, GAGAGGGCTCTTGGAGGTCA, Plus, 20, 98, 117, 60.62, 60, 6, 1, AATTCCCATGGTGGTGCTGG, , Minus, 20, 872, 853, 60.62, 55, 6, 0, 775
MYB12, 8, ATGGGAAGAGCACCTTGTTGT, Plus, 21, 1, 21, 59.85, 47.62, 3, 1, GCCGCTACATGTTGTTGCAT, , Minus, 20, 611, 592, 59.83, 50, 6, 2, 611
MYB12, 9, ATGGAGAGGGCTCTTGGAGG, Plus, 20, 95, 114, 60.69, 60, 6, 1, TCCCTGCCTTGTTGCTAACT, , Minus, 20, 772, 753, 59.23, 50, 4, 2, 678
MYB12, 10, CATGCAACTTTGGGCAACAGA, Plus, 21, 244, 264, 59.93, 47.62, 4, 2, AAGCCAAGAGACAAGGGCAC, , Minus, 20, 1008, 989, 60.54, 55, 3, 2, 765
MYC1, 1, TACTGCTCCCTCCAATCGAACA, Plus, 22, 123, 144, 61.15, 50, 4, 1, TGAGGAAGATGGATCCGTAAGC, , Minus, 22, 882, 861, 59.63, 50, 6, 2, 760
MYC1, 2, TACTGCTCCCTCCAATCGAACAT, Plus, 23, 123, 145, 61.45, 47.83, 4, 2, CAAAGGGCCGACGGATCG, , Minus, 18, 860, 843, 60.89, 66.67, 5, 3, 738
MYC1, 3, CTACTGCTCCCTCCAATCGAACA, Plus, 23, 122, 144, 62, 52.17, 4, 1, GATGGATCCGTAAGCCAAAGGG, , Minus, 22, 875, 854, 61.07, 54.55, 6, 1, 754
MYC1, 4, ACTACTGCTCCCTCCAATCGAAC, Plus, 23, 121, 143, 62, 52.17, 4, 0, CGAGCTCTGGTATATCAGCTCAG, , Minus, 23, 744, 722, 60.12, 52.17, 8, 3, 624
MYC1, 5, GGGAATACTACTGCTCCCTCCAAT, Plus, 24, 115, 138, 61.49, 50, 6, 2, AACCTTGTTCATCAAATCCGAGC, , Minus, 23, 762, 740, 59.81, 43.48, 5, 2, 648
MYC1, 6, TACTACTGCTCCCTCCAATCGAAC, Plus, 24, 120, 143, 61.71, 50, 4, 0, ACGGATCGGGCTCAGGA, , Minus, 17, 850, 834, 59.67, 64.71, 4, 2, 731
MYC1, 7, AGGGAATACTACTGCTCCCTCCAA, Plus, 24, 114, 137, 62.44, 50, 8, 0, CTGAGGAAGATGGATCCGTAAGC, , Minus, 23, 883, 861, 60.55, 52.17, 6, 2, 770
MYC1, 8, GGGAATACTACTGCTCCCTCCAATC, Plus, 25, 115, 139, 62.26, 52, 6, 0, AAAGGGCCGACGGATCG, , Minus, 17, 859, 843, 59.44, 64.71, 5, 3, 745
ASAT3_5_CHR7, 1, AACCAACGGTCACGGCTAAT, Plus, 20, 146, 165, 59.96, 50, 3, 2, AATGGTGGACGCATGTTTGC, GCAAACATGCGTCCACCATT, Minus, 20, 848, 829, 60.04, 50, 4, 2, 703
ASAT3_5_CHR7, 2, AGCCCTCATTTCCTACCCCT, Plus, 20, 44, 63, 59.95, 55, 2, 0, GCAGCTTCTGCAGCACATTT, AAATGTGCTGCAGAAGCTGC, Minus, 20, 773, 754, 60.04, 50, 6, 2, 730
ASAT3_5_CHR7, 3, AAACCAACGGTCACGGCTAA, Plus, 20, 145, 164, 60.18, 50, 3, 1, GCAATGGTGGACGCATGTTT, AAACATGCGTCCACCATTGC, Minus, 20, 850, 831, 60.04, 50, 4, 2, 706
ASAT3_5_CHR7, 4, TCCCTCTTCCCACCCATTCA, Plus, 20, 565, 584, 60.18, 55, 2, 1, GCTTCCACTCCTCCATCCTG, CAGGATGGAGGAGTGGAAGC, Minus, 20, 1205, 1186, 59.82, 60, 2, 1, 641
ASAT3_5_CHR7, 5, TCGATTGTGGTGGAATGGCA, Plus, 20, 422, 441, 59.96, 50, 4, 3, CCACTCCTCCATCCTGGCTA, TAGCCAGGATGGAGGAGTGG, Minus, 20, 1201, 1182, 60.4, 60, 3, 2, 780
ASAT3_5_CHR7, 6, ACCCTAAACCAACGGTCACG, Plus, 20, 140, 159, 60.25, 55, 3, 2, CCGATAGTGTTGAGGGGCAA, TTGCCCCTCAACACTATCGG, Minus, 20, 866, 847, 59.75, 55, 3, 1, 727
ASAT3_5_CHR7, 7, TGAACAACGTGCCACTCCAT, Plus, 20, 611, 630, 60.18, 50, 5, 2, CACATCCGCTTCCACTCCTC, GAGGAGTGGAAGCGGATGTG, Minus, 20, 1212, 1193, 60.46, 60, 2, 0, 602
ASAT3_5_CHR7, 8, TGTGGTGGAATGGCAGTCAG, Plus, 20, 427, 446, 60.25, 55, 5, 1, TAACGTCACATCCGCTTCCA, TGGAAGCGGATGTGACGTTA, Minus, 20, 1218, 1199, 59.4, 50, 4, 0, 792
ASAT3_5_CHR7, 9, TGCAATGACAGTGGAGCTGA, Plus, 20, 265, 284, 59.6, 50, 5, 1, TTCCGATAGTGTTGAGGGGC, GCCCCTCAACACTATCGGAA, Minus, 20, 868, 849, 59.46, 55, 3, 2, 604
ASAT3_5_CHR7, 10, GTCCCTCTTCCCACCCATTC, Plus, 20, 564, 583, 59.74, 60, 2, 0, ATCCGCTTCCACTCCTCCAT, ATGGAGGAGTGGAAGCGGAT, Minus, 20, 1209, 1190, 60.69, 55, 2, 2, 646
ASAT3_5_mano, 1.1, ATGGCTTCATCACGGATTCTATCA, Plus, 24, 1, 24, 59.96, 41.67, 4, 1, ATGGAGTGGCACGTTGTTCA, , Minus, 20, 630, 611, 60.18, 50, 5, 2, 630
ASAT3_5_mano, 1.2, TGGCTTCATCACGGATTCTATCAA, Plus, 24, 2, 25, 60.14, 41.67, 4, 2, CATGGAGTGGCACGTTGTTC, , Minus, 20, 631, 612, 59.76, 55, 5, 1, 630
ASAT3_5_mano, 1.3, TGGCTTCATCACGGATTCTATCAAT, Plus, 25, 2, 26, 60.46, 40, 4, 2, ACACGTTGTCCATGGAGTGG, , Minus, 20, 641, 622, 60.25, 55, 8, 2, 640
ASAT3_5_mano, 2.1, ACCAACGGTCACGGCTAAT, Plus, 19, 147, 165, 59.32, 52.63, 3, 2, ATGGTGGACGCATGTTTGC, , Minus, 19, 847, 829, 59.41, 52.63, 4, 2, 701
ASAT3_5_mano, 2.2, ACGGTCACGGCTAATAAGATAGC, Plus, 23, 151, 173, 60.31, 47.83, 4, 3, TCAGCAACCAATCTGGGTAGT, , Minus, 21, 938, 918, 59.01, 47.62, 4, 2, 788
ASAT3_5_mano, 2.3, CAACGGTCACGGCTAATAAGATAG, Plus, 24, 149, 172, 59.32, 45.83, 4, 1, AGCGTGAATGTTGATGGTCTGA, TCAGACCATCAACATTCACGCT, Minus, 22, 824, 803, 60.29, 45.45, 3, 3, 676
ASAT3_5_mano, 2.4, CCAACGGTCACGGCTAATAAGATAG, Plus, 25, 148, 172, 61.3, 48, 4, 1, GAGGGGCAATGGTGGACG, CGTCCACCATTGCCCCTC, Minus, 18, 855, 838, 60.44, 66.67, 3, 2, 708
ASAT3_5_mano, 3.1, TGTCAATTCATGCGAAAAGGTTGT, Plus, 24, 324, 347, 60.2, 37.5, 4, 2, GTTGCGGAGTTTTTCTTTCCCT, AGGGAAAGAAAAACTCCGCAAC, Minus, 22, 969, 948, 59.64, 45.45, 3, 0, 646
ASAT3_5_mano, 3.2, TGTTGTCAATTCATGCGAAAAGGT, Plus, 24, 321, 344, 60.2, 37.5, 5, 0, TCAGACACCAATTTGTCACGGT, , Minus, 22, 1007, 986, 60.42, 45.45, 6, 3, 687
ASAT3_5_mano, 3.3, ATGCGAAAAGGTTGTATTTCCACA, Plus, 24, 333, 356, 59.72, 37.5, 4, 1, CAGTATTGAACCTGTTGCGGAG, , Minus, 22, 982, 961, 59.58, 50, 4, 0, 650
ASAT3_5_mano, 3.4, TCATGCGAAAAGGTTGTATTTCCA, Plus, 24, 331, 354, 59.48, 37.5, 4, 2, AACAGTATTGAACCTGTTGCGG, , Minus, 22, 984, 963, 59.45, 45.45, 7, 1, 654
ASAT3_5_mano, 3.5, CATGCGAAAAGGTTGTATTTCCAC, Plus, 24, 332, 355, 59.38, 41.67, 4, 3, ATTGAACCTGTTGCGGAGTTTT, , Minus, 22, 978, 957, 59.31, 40.91, 4, 0, 647
ASAT3_5_mano, 3.6, TTGTCAATTCATGCGAAAAGGTTG, Plus, 24, 323, 346, 59.26, 37.5, 5, 0, AACCTGTTGCGGAGTTTTTCTT, , Minus, 22, 974, 953, 59.24, 40.91, 4, 0, 652
ASAT3_5_mano, 3.7, TTCATGCGAAAAGGTTGTATTTCCA, Plus, 25, 330, 354, 59.99, 36, 4, 2, TGGTCTACCCCATCCAAAGTCT, , Minus, 22, 1128, 1107, 60.5, 50, 4, 3, 799
ASAT3_5_mano, 3.8, GTTGTCAATTCATGCGAAAAGGTT, Plus, 24, 322, 345, 59.26, 37.5, 5, 2, TCAGACACCAATTTGTCACGGTA, , Minus, 23, 1007, 985, 60.18, 43.48, 6, 2, 686
ASAT3_5_mano, 3.9, ATGTTGTCAATTCATGCGAAAAGG, Plus, 24, 320, 343, 59.07, 37.5, 5, 0, AAACAGTATTGAACCTGTTGCGG, , Minus, 23, 985, 963, 60, 43.48, 7, 1, 666
ASAT3_5_mano, 3.11, TGTCAATTCATGCGAAAAGGTTGTA, Plus, 25, 324, 348, 59.99, 36, 4, 2, GTTGCGGAGTTTTTCTTTCCCTT, AAGGGAAAGAAAAACTCCGCAAC, Minus, 23, 969, 947, 60.18, 43.48, 3, 0, 646
ASAT3_5_mano, 4.1, TGTCAATTCATGCGAAAAGGTTGT, Plus, 24, 324, 347, 60.2, 37.5, 4, 2, CAGTATTGAACCTGTTGCGGAG, , Minus, 22, 982, 961, 59.58, 50, 4, 0, 659
ASAT3_5_mano, 4.2, ATGCGAAAAGGTTGTATTTCCACA, Plus, 24, 333, 356, 59.72, 37.5, 4, 1, AACAGTATTGAACCTGTTGCGG, , Minus, 22, 984, 963, 59.45, 45.45, 7, 1, 652
ASAT3_5_mano, 4.3, TCATGCGAAAAGGTTGTATTTCCA, Plus, 24, 331, 354, 59.48, 37.5, 4, 2, AACCTGTTGCGGAGTTTTTCTT, , Minus, 22, 974, 953, 59.24, 40.91, 4, 0, 644
ASAT3_5_mano, 4.4, CATGCGAAAAGGTTGTATTTCCAC, Plus, 24, 332, 355, 59.38, 41.67, 4, 3, GTATTGAACCTGTTGCGGAGTT, , Minus, 22, 980, 959, 59.19, 45.45, 4, 1, 649
ASAT3_5_mano, 4.5, TGTCAATTCATGCGAAAAGGTTGTA, Plus, 25, 324, 348, 59.99, 36, 4, 2, GAACCTGTTGCGGAGTTTTTCTT, , Minus, 23, 975, 953, 60.18, 43.48, 4, 0, 652
ASAT3_5_mano, 4.6, TTCATGCGAAAAGGTTGTATTTCCA, Plus, 25, 330, 354, 59.99, 36, 4, 2, TGGTCTACCCCATCCAAAGTCTA, , Minus, 23, 1128, 1106, 60.25, 47.83, 4, 2, 799
ASAT3_5_mano, 4.7, ATGCGAAAAGGTTGTATTTCCACAA, Plus, 25, 333, 357, 60.22, 36, 4, 2, CAGACACCAATTTGTCACGGTAA, , Minus, 23, 1006, 984, 59.44, 43.48, 6, 3, 674
ASAT3_5_mano, 4.8, TCATGCGAAAAGGTTGTATTTCCAC, Plus, 25, 331, 355, 60.56, 40, 4, 3, AACAGTATTGAACCTGTTGCGGA, , Minus, 23, 984, 962, 60.75, 43.48, 7, 2, 654
ASAT3_5_mano, 4.9, CATGCGAAAAGGTTGTATTTCCACA, Plus, 25, 332, 356, 60.79, 40, 4, 1, CAGACACCAATTTGTCACGGTAAA, , Minus, 24, 1006, 983, 59.96, 41.67, 6, 2, 675
ASAT3_5_mano, 4.11, CGAAAAGGTTGTATTTCCACAAGGG, Plus, 25, 336, 360, 60.79, 44, 4, 0, AGACACCAATTTGTCACGGTAAAC, , Minus, 24, 1005, 982, 59.96, 41.67, 6, 2, 670
ASAT3_5_mano, 5.1, AGCCCTCATTTCCTACCCCT, Plus, 20, 44, 63, 59.95, 55, 2, 0, ACACTTTCAACCCGACTAGGAT, , Minus, 22, 737, 716, 59.1, 45.45, 4, 3, 694
ASAT3_5_mano, 5.2, GCCCTCATTTCCTACCCCTTC, Plus, 21, 45, 65, 60.13, 57.14, 2, 0, CATACACTTTCAACCCGACTAGGA, , Minus, 24, 740, 717, 60.08, 45.83, 4, 1, 696
ASAT3_5_mano, 5.3, CAAGCCCTCATTTCCTACCCC, Plus, 21, 42, 62, 60.41, 57.14, 2, 0, ACACTTTCAACCCGACTAGGATTT, , Minus, 24, 737, 714, 60.2, 41.67, 5, 3, 696
ASAT3_5_mano, 5.4, GCCCTCATTTCCTACCCCTT, Plus, 20, 45, 64, 59.07, 55, 2, 0, ATACACTTTCAACCCGACTAGGAT, , Minus, 24, 739, 716, 59.28, 41.67, 4, 3, 695
ASAT3_5_mano, 5.5, AAGCCCTCATTTCCTACCCC, Plus, 20, 43, 62, 59.07, 55, 2, 0, CTTTCAACCCGACTAGGATTTTGT, , Minus, 24, 734, 711, 59.24, 41.67, 5, 0, 692
ASAT3_5_mano, 5.6, TCAAGCCCTCATTTCCTACCC, Plus, 21, 41, 61, 59.44, 52.38, 2, 0, ACTTTCAACCCGACTAGGATTTTG, , Minus, 24, 735, 712, 59.24, 41.67, 5, 0, 695
ASAT3_5_mano, 5.7, AGCCCTCATTTCCTACCCCTT, Plus, 21, 44, 64, 60.56, 52.38, 2, 0, TACACTTTCAACCCGACTAGGATTT, , Minus, 25, 738, 714, 59.99, 40, 5, 3, 695
ASAT3_5_mano, 5.8, AAGCCCTCATTTCCTACCCCT, Plus, 21, 43, 63, 60.56, 52.38, 2, 0, CACTTTCAACCCGACTAGGATTTTG, , Minus, 25, 736, 712, 60.33, 44, 5, 0, 694
ASAT3_5_mano, 5.9, ATCAAGCCCTCATTTCCTACCC, Plus, 22, 40, 61, 59.82, 50, 3, 0, CACTTTCAACCCGACTAGGATTTT, , Minus, 24, 736, 713, 59.24, 41.67, 5, 1, 697
ASAT3_5_mano, 5.11, CCCTTCTTCACATAGACGTCACA, Plus, 23, 60, 82, 60.06, 47.83, 6, 2, CATACACTTTCAACCCGACTAGGAT, , Minus, 25, 740, 716, 60.4, 44, 4, 3, 681
ASAT3_5_mano, 6.1, ACCAACGGTCACGGCTAAT, Plus, 19, 147, 165, 59.32, 52.63, 3, 2, TGAATGTTGATGGTCTGAATGATGT, ACATCATTCAGACCATCAACATTCA, Minus, 25, 820, 796, 59.05, 36, 3, 1, 674
ASAT3_2&3_mano, 1.1, TTGCCTTGGAGTAGTCCCTTG, Plus, 21, 367, 387, 59.65, 52.38, 6, 2, GCTACCCCATCCAAAATTGGTAAT, ATTACCAATTTTGGATGGGGTAGC, Minus, 24, 1116, 1093, 59.35, 41.67, 6, 3, 750
ASAT3_2&3_mano, 1.2, TTTGCCTTGGAGTAGTCCCTTG, Plus, 22, 366, 387, 60.22, 50, 6, 2, GGCTACCCCATCCAAAATTGGTAA, TTACCAATTTTGGATGGGGTAGCC, Minus, 24, 1117, 1094, 61.12, 45.83, 6, 2, 752
ASAT3_2&3_mano, 1.3, AGTCCCTTGAACCAAAGTCCAC, Plus, 22, 379, 400, 60.42, 50, 3, 2, GGCTACCCCATCCAAAATTGGTAAT, ATTACCAATTTTGGATGGGGTAGCC, Minus, 25, 1117, 1093, 61.4, 44, 6, 3, 739
